start_time,src_ip,src_port,dst_ip,dst_port,ip_protocol,history,conn_state,tcp_flags,packet_nb,packet_nb_orig,packet_nb_resp,a_resp_orig_l3_packet_nb_ratio,a_resp_orig_ip_packet_size_ratio,a_resp_orig_l3_payload_size_ratio,a_direction_int_v_nf_0,a_direction_int_v_nf_1,a_ip_packet_size_oresp_total,a_ip_packet_size_oresp_min,a_ip_packet_size_oresp_max,a_ip_packet_size_oresp_mean,a_ip_packet_size_oresp_stddev,a_ip_packet_size_oresp_nf_0,a_ip_packet_size_oresp_nf_1,a_ip_packet_size_orig_total,a_ip_packet_size_orig_min,a_ip_packet_size_orig_max,a_ip_packet_size_orig_mean,a_ip_packet_size_orig_stddev,a_ip_packet_size_orig_nf_0,a_ip_packet_size_orig_nf_1,a_ip_packet_size_resp_total,a_ip_packet_size_resp_min,a_ip_packet_size_resp_max,a_ip_packet_size_resp_mean,a_ip_packet_size_resp_stddev,a_ip_packet_size_resp_nf_0,a_ip_packet_size_resp_nf_1,a_l3_payload_size_oresp_total,a_l3_payload_size_oresp_min,a_l3_payload_size_oresp_max,a_l3_payload_size_oresp_mean,a_l3_payload_size_oresp_stddev,a_l3_payload_size_oresp_nf_0,a_l3_payload_size_oresp_nf_1,a_l3_payload_size_orig_total,a_l3_payload_size_orig_min,a_l3_payload_size_orig_max,a_l3_payload_size_orig_mean,a_l3_payload_size_orig_stddev,a_l3_payload_size_orig_nf_0,a_l3_payload_size_orig_nf_1,a_l3_payload_size_resp_total,a_l3_payload_size_resp_min,a_l3_payload_size_resp_max,a_l3_payload_size_resp_mean,a_l3_payload_size_resp_stddev,a_l3_payload_size_resp_nf_0,a_l3_payload_size_resp_nf_1,a_l4_payload_size_oresp_total,a_l4_payload_size_oresp_min,a_l4_payload_size_oresp_max,a_l4_payload_size_oresp_mean,a_l4_payload_size_oresp_stddev,a_l4_payload_size_oresp_nf_0,a_l4_payload_size_oresp_nf_1,a_l4_payload_size_orig_total,a_l4_payload_size_orig_min,a_l4_payload_size_orig_max,a_l4_payload_size_orig_mean,a_l4_payload_size_orig_stddev,a_l4_payload_size_orig_nf_0,a_l4_payload_size_orig_nf_1,a_l4_payload_size_resp_total,a_l4_payload_size_resp_min,a_l4_payload_size_resp_max,a_l4_payload_size_resp_mean,a_l4_payload_size_resp_stddev,a_l4_payload_size_resp_nf_0,a_l4_payload_size_resp_nf_1,ne_direction_int_v_nf_0,ne_direction_int_v_nf_1,ne_l4_payload_size_oresp_total,ne_l4_payload_size_oresp_min,ne_l4_payload_size_oresp_max,ne_l4_payload_size_oresp_mean,ne_l4_payload_size_oresp_stddev,ne_l4_payload_size_oresp_nf_0,ne_l4_payload_size_oresp_nf_1,ne_l4_payload_size_orig_total,ne_l4_payload_size_orig_min,ne_l4_payload_size_orig_max,ne_l4_payload_size_orig_mean,ne_l4_payload_size_orig_stddev,ne_l4_payload_size_orig_nf_0,ne_l4_payload_size_orig_nf_1,ne_l4_payload_size_resp_total,ne_l4_payload_size_resp_min,ne_l4_payload_size_resp_max,ne_l4_payload_size_resp_mean,ne_l4_payload_size_resp_stddev,ne_l4_payload_size_resp_nf_0,ne_l4_payload_size_resp_nf_1,ne_payload_size_position_v_nf_0,ne_payload_size_position_v_nf_1,a_do_packet_burst_oresp_total,a_do_packet_burst_oresp_min,a_do_packet_burst_oresp_max,a_do_packet_burst_oresp_mean,a_do_packet_burst_oresp_stddev,a_do_packet_burst_oresp_nf_0,a_do_packet_burst_oresp_nf_1,a_do_packet_burst_orig_total,a_do_packet_burst_orig_min,a_do_packet_burst_orig_max,a_do_packet_burst_orig_mean,a_do_packet_burst_orig_stddev,a_do_packet_burst_orig_nf_0,a_do_packet_burst_orig_nf_1,a_do_packet_burst_resp_total,a_do_packet_burst_resp_min,a_do_packet_burst_resp_max,a_do_packet_burst_resp_mean,a_do_packet_burst_resp_stddev,a_do_packet_burst_resp_nf_0,a_do_packet_burst_resp_nf_1,a_do_l3_byte_burst_oresp_total,a_do_l3_byte_burst_oresp_min,a_do_l3_byte_burst_oresp_max,a_do_l3_byte_burst_oresp_mean,a_do_l3_byte_burst_oresp_stddev,a_do_l3_byte_burst_oresp_nf_0,a_do_l3_byte_burst_oresp_nf_1,a_do_l3_byte_burst_orig_total,a_do_l3_byte_burst_orig_min,a_do_l3_byte_burst_orig_max,a_do_l3_byte_burst_orig_mean,a_do_l3_byte_burst_orig_stddev,a_do_l3_byte_burst_orig_nf_0,a_do_l3_byte_burst_orig_nf_1,a_do_l3_byte_burst_resp_total,a_do_l3_byte_burst_resp_min,a_do_l3_byte_burst_resp_max,a_do_l3_byte_burst_resp_mean,a_do_l3_byte_burst_resp_stddev,a_do_l3_byte_burst_resp_nf_0,a_do_l3_byte_burst_resp_nf_1,a_do_l4_byte_burst_oresp_total,a_do_l4_byte_burst_oresp_min,a_do_l4_byte_burst_oresp_max,a_do_l4_byte_burst_oresp_mean,a_do_l4_byte_burst_oresp_stddev,a_do_l4_byte_burst_oresp_nf_0,a_do_l4_byte_burst_oresp_nf_1,a_do_l4_byte_burst_orig_total,a_do_l4_byte_burst_orig_min,a_do_l4_byte_burst_orig_max,a_do_l4_byte_burst_orig_mean,a_do_l4_byte_burst_orig_stddev,a_do_l4_byte_burst_orig_nf_0,a_do_l4_byte_burst_orig_nf_1,a_do_l4_byte_burst_resp_total,a_do_l4_byte_burst_resp_min,a_do_l4_byte_burst_resp_max,a_do_l4_byte_burst_resp_mean,a_do_l4_byte_burst_resp_stddev,a_do_l4_byte_burst_resp_nf_0,a_do_l4_byte_burst_resp_nf_1,a_do_interrupted_packet_burst_total,a_do_interrupted_packet_burst_min,a_do_interrupted_packet_burst_max,a_do_interrupted_packet_burst_mean,a_do_interrupted_packet_burst_stddev,a_do_interrupted_packet_burst_nf_0,a_do_interrupted_packet_burst_nf_1,a_do_burst_start_position_v_nf_0,a_do_burst_start_position_v_nf_1,a_dp_packet_burst_oresp_total,a_dp_packet_burst_oresp_min,a_dp_packet_burst_oresp_max,a_dp_packet_burst_oresp_mean,a_dp_packet_burst_oresp_stddev,a_dp_packet_burst_oresp_nf_0,a_dp_packet_burst_oresp_nf_1,a_dp_packet_burst_orig_total,a_dp_packet_burst_orig_min,a_dp_packet_burst_orig_max,a_dp_packet_burst_orig_mean,a_dp_packet_burst_orig_stddev,a_dp_packet_burst_orig_nf_0,a_dp_packet_burst_orig_nf_1,a_dp_packet_burst_resp_total,a_dp_packet_burst_resp_min,a_dp_packet_burst_resp_max,a_dp_packet_burst_resp_mean,a_dp_packet_burst_resp_stddev,a_dp_packet_burst_resp_nf_0,a_dp_packet_burst_resp_nf_1,a_dp_l3_byte_burst_oresp_total,a_dp_l3_byte_burst_oresp_min,a_dp_l3_byte_burst_oresp_max,a_dp_l3_byte_burst_oresp_mean,a_dp_l3_byte_burst_oresp_stddev,a_dp_l3_byte_burst_oresp_nf_0,a_dp_l3_byte_burst_oresp_nf_1,a_dp_l3_byte_burst_orig_total,a_dp_l3_byte_burst_orig_min,a_dp_l3_byte_burst_orig_max,a_dp_l3_byte_burst_orig_mean,a_dp_l3_byte_burst_orig_stddev,a_dp_l3_byte_burst_orig_nf_0,a_dp_l3_byte_burst_orig_nf_1,a_dp_l3_byte_burst_resp_total,a_dp_l3_byte_burst_resp_min,a_dp_l3_byte_burst_resp_max,a_dp_l3_byte_burst_resp_mean,a_dp_l3_byte_burst_resp_stddev,a_dp_l3_byte_burst_resp_nf_0,a_dp_l3_byte_burst_resp_nf_1,a_dp_l4_byte_burst_oresp_total,a_dp_l4_byte_burst_oresp_min,a_dp_l4_byte_burst_oresp_max,a_dp_l4_byte_burst_oresp_mean,a_dp_l4_byte_burst_oresp_stddev,a_dp_l4_byte_burst_oresp_nf_0,a_dp_l4_byte_burst_oresp_nf_1,a_dp_l4_byte_burst_orig_total,a_dp_l4_byte_burst_orig_min,a_dp_l4_byte_burst_orig_max,a_dp_l4_byte_burst_orig_mean,a_dp_l4_byte_burst_orig_stddev,a_dp_l4_byte_burst_orig_nf_0,a_dp_l4_byte_burst_orig_nf_1,a_dp_l4_byte_burst_resp_total,a_dp_l4_byte_burst_resp_min,a_dp_l4_byte_burst_resp_max,a_dp_l4_byte_burst_resp_mean,a_dp_l4_byte_burst_resp_stddev,a_dp_l4_byte_burst_resp_nf_0,a_dp_l4_byte_burst_resp_nf_1,a_dp_interrupted_packet_burst_total,a_dp_interrupted_packet_burst_min,a_dp_interrupted_packet_burst_max,a_dp_interrupted_packet_burst_mean,a_dp_interrupted_packet_burst_stddev,a_dp_interrupted_packet_burst_nf_0,a_dp_interrupted_packet_burst_nf_1,a_dp_burst_start_position_v_nf_0,a_dp_burst_start_position_v_nf_1,ne_do_packet_burst_oresp_total,ne_do_packet_burst_oresp_min,ne_do_packet_burst_oresp_max,ne_do_packet_burst_oresp_mean,ne_do_packet_burst_oresp_stddev,ne_do_packet_burst_oresp_nf_0,ne_do_packet_burst_oresp_nf_1,ne_do_packet_burst_orig_total,ne_do_packet_burst_orig_min,ne_do_packet_burst_orig_max,ne_do_packet_burst_orig_mean,ne_do_packet_burst_orig_stddev,ne_do_packet_burst_orig_nf_0,ne_do_packet_burst_orig_nf_1,ne_do_packet_burst_resp_total,ne_do_packet_burst_resp_min,ne_do_packet_burst_resp_max,ne_do_packet_burst_resp_mean,ne_do_packet_burst_resp_stddev,ne_do_packet_burst_resp_nf_0,ne_do_packet_burst_resp_nf_1,ne_do_l3_byte_burst_oresp_total,ne_do_l3_byte_burst_oresp_min,ne_do_l3_byte_burst_oresp_max,ne_do_l3_byte_burst_oresp_mean,ne_do_l3_byte_burst_oresp_stddev,ne_do_l3_byte_burst_oresp_nf_0,ne_do_l3_byte_burst_oresp_nf_1,ne_do_l3_byte_burst_orig_total,ne_do_l3_byte_burst_orig_min,ne_do_l3_byte_burst_orig_max,ne_do_l3_byte_burst_orig_mean,ne_do_l3_byte_burst_orig_stddev,ne_do_l3_byte_burst_orig_nf_0,ne_do_l3_byte_burst_orig_nf_1,ne_do_l3_byte_burst_resp_total,ne_do_l3_byte_burst_resp_min,ne_do_l3_byte_burst_resp_max,ne_do_l3_byte_burst_resp_mean,ne_do_l3_byte_burst_resp_stddev,ne_do_l3_byte_burst_resp_nf_0,ne_do_l3_byte_burst_resp_nf_1,ne_do_l4_byte_burst_oresp_total,ne_do_l4_byte_burst_oresp_min,ne_do_l4_byte_burst_oresp_max,ne_do_l4_byte_burst_oresp_mean,ne_do_l4_byte_burst_oresp_stddev,ne_do_l4_byte_burst_oresp_nf_0,ne_do_l4_byte_burst_oresp_nf_1,ne_do_l4_byte_burst_orig_total,ne_do_l4_byte_burst_orig_min,ne_do_l4_byte_burst_orig_max,ne_do_l4_byte_burst_orig_mean,ne_do_l4_byte_burst_orig_stddev,ne_do_l4_byte_burst_orig_nf_0,ne_do_l4_byte_burst_orig_nf_1,ne_do_l4_byte_burst_resp_total,ne_do_l4_byte_burst_resp_min,ne_do_l4_byte_burst_resp_max,ne_do_l4_byte_burst_resp_mean,ne_do_l4_byte_burst_resp_stddev,ne_do_l4_byte_burst_resp_nf_0,ne_do_l4_byte_burst_resp_nf_1,ne_do_interrupted_packet_burst_total,ne_do_interrupted_packet_burst_min,ne_do_interrupted_packet_burst_max,ne_do_interrupted_packet_burst_mean,ne_do_interrupted_packet_burst_stddev,ne_do_interrupted_packet_burst_nf_0,ne_do_interrupted_packet_burst_nf_1,ne_do_burst_start_position_v_nf_0,ne_do_burst_start_position_v_nf_1,ne_dp_packet_burst_oresp_total,ne_dp_packet_burst_oresp_min,ne_dp_packet_burst_oresp_max,ne_dp_packet_burst_oresp_mean,ne_dp_packet_burst_oresp_stddev,ne_dp_packet_burst_oresp_nf_0,ne_dp_packet_burst_oresp_nf_1,ne_dp_packet_burst_orig_total,ne_dp_packet_burst_orig_min,ne_dp_packet_burst_orig_max,ne_dp_packet_burst_orig_mean,ne_dp_packet_burst_orig_stddev,ne_dp_packet_burst_orig_nf_0,ne_dp_packet_burst_orig_nf_1,ne_dp_packet_burst_resp_total,ne_dp_packet_burst_resp_min,ne_dp_packet_burst_resp_max,ne_dp_packet_burst_resp_mean,ne_dp_packet_burst_resp_stddev,ne_dp_packet_burst_resp_nf_0,ne_dp_packet_burst_resp_nf_1,ne_dp_l3_byte_burst_oresp_total,ne_dp_l3_byte_burst_oresp_min,ne_dp_l3_byte_burst_oresp_max,ne_dp_l3_byte_burst_oresp_mean,ne_dp_l3_byte_burst_oresp_stddev,ne_dp_l3_byte_burst_oresp_nf_0,ne_dp_l3_byte_burst_oresp_nf_1,ne_dp_l3_byte_burst_orig_total,ne_dp_l3_byte_burst_orig_min,ne_dp_l3_byte_burst_orig_max,ne_dp_l3_byte_burst_orig_mean,ne_dp_l3_byte_burst_orig_stddev,ne_dp_l3_byte_burst_orig_nf_0,ne_dp_l3_byte_burst_orig_nf_1,ne_dp_l3_byte_burst_resp_total,ne_dp_l3_byte_burst_resp_min,ne_dp_l3_byte_burst_resp_max,ne_dp_l3_byte_burst_resp_mean,ne_dp_l3_byte_burst_resp_stddev,ne_dp_l3_byte_burst_resp_nf_0,ne_dp_l3_byte_burst_resp_nf_1,ne_dp_l4_byte_burst_oresp_total,ne_dp_l4_byte_burst_oresp_min,ne_dp_l4_byte_burst_oresp_max,ne_dp_l4_byte_burst_oresp_mean,ne_dp_l4_byte_burst_oresp_stddev,ne_dp_l4_byte_burst_oresp_nf_0,ne_dp_l4_byte_burst_oresp_nf_1,ne_dp_l4_byte_burst_orig_total,ne_dp_l4_byte_burst_orig_min,ne_dp_l4_byte_burst_orig_max,ne_dp_l4_byte_burst_orig_mean,ne_dp_l4_byte_burst_orig_stddev,ne_dp_l4_byte_burst_orig_nf_0,ne_dp_l4_byte_burst_orig_nf_1,ne_dp_l4_byte_burst_resp_total,ne_dp_l4_byte_burst_resp_min,ne_dp_l4_byte_burst_resp_max,ne_dp_l4_byte_burst_resp_mean,ne_dp_l4_byte_burst_resp_stddev,ne_dp_l4_byte_burst_resp_nf_0,ne_dp_l4_byte_burst_resp_nf_1,ne_dp_interrupted_packet_burst_total,ne_dp_interrupted_packet_burst_min,ne_dp_interrupted_packet_burst_max,ne_dp_interrupted_packet_burst_mean,ne_dp_interrupted_packet_burst_stddev,ne_dp_interrupted_packet_burst_nf_0,ne_dp_interrupted_packet_burst_nf_1,ne_dp_burst_start_position_v_nf_0,ne_dp_burst_start_position_v_nf_1,a_l3_payload_size_with_direction_v_nf_0,a_l3_payload_size_with_direction_v_nf_1,a_l4_payload_size_with_direction_v_nf_0,a_l4_payload_size_with_direction_v_nf_1,ne_l4_payload_size_with_direction_v_nf_0,ne_l4_payload_size_with_direction_v_nf_1,duration,time_offset_v_nf_0,time_offset_v_nf_1,iat_oresp_total,iat_oresp_min,iat_oresp_max,iat_oresp_mean,iat_oresp_stddev,iat_oresp_nf_0,iat_oresp_nf_1,iat_orig_total,iat_orig_min,iat_orig_max,iat_orig_mean,iat_orig_stddev,iat_orig_nf_0,iat_orig_nf_1,iat_resp_total,iat_resp_min,iat_resp_max,iat_resp_mean,iat_resp_stddev,iat_resp_nf_0,iat_resp_nf_1,label
6468.937086,10.0.2.15,51829,54.239.25.208,443,tcp,ShADadTTfF,SF,APSF,48,23,25,1.0869565217391304,4.0012012012012015,5.113692946058091,1,-1,8327,40,1460,173.47916666666669,368.366953353168,52,44,1665,40,413,72.39130434782608,87.50882507726384,52,40,6662,40,1460,266.48,489.80847617546726,44,40,7367,20,1440,153.4791666666667,368.36695335316807,32,24,1205,20,393,52.391304347826086,87.50882507726385,32,20,6162,20,1440,246.48,489.80847617546726,24,20,6391,0,1420,133.14583333333334,368.4855139959001,0,0,733,0,373,31.869565217391305,87.67154837948806,0,0,5658,0,1420,226.31999999999996,489.88482660043,0,0,1,-1,6391,1,1420,290.50000000000006,505.9683549299069,191,1420,733,1,373,45.81249999999999,102.9169365718458,191,126,5658,51,1420,943.0,583.9034166709423,1420,1420,4,6,-2,-3,3,-0.0555555555555555,1.4917763992625788,1,-1,23,1,3,1.277777777777778,0.5745131499601416,1,2,-25,-3,-1,-1.3888888888888893,0.6978023391872253,-1,-3,-4957,-2900,393,-137.69444444444446,627.460679220821,32,-24,1205,20,393,66.94444444444447,100.27460661616254,32,231,-6162,-2900,-20,-342.33333333333326,843.7044366782649,-24,-2900,-4925,-2840,373,-136.80555555555554,612.3688346760796,0,0,733,0,373,40.72222222222223,97.8022046879827,0,191,-5658,-2840,0,-314.3333333333333,834.1129843062241,0,-2840,0,0,0,0.0,0.0,0,0,0,-2,-2,-15,15,-0.2222222222222223,8.027729719194863,3,-6,23,1,15,4.6,5.89915248150105,3,3,-25,-15,-1,-6.25,6.184658438426491,-6,-3,0,0,0,0.0,0.0,0,0,0,0,0,0.0,0.0,0,0,0,0,0,0.0,0.0,0,0,-4925,-5135,373,-547.2222222222222,1735.3629143336111,191,-5135,733,0,373,146.6,146.5240594578242,191,126,-5658,-5135,0,-1414.5,2489.3351856804397,-5135,-51,-13,-13,1,-1.4444444444444444,4.390646624106497,0,1,4,-10,10,-4,13,2.0,6.59545297913646,1,-4,16,1,13,5.333333333333334,6.6583281184793925,1,2,-6,-4,-2,-3.0,1.4142135623730951,-4,-2,-4725,-5215,539,-945.0,2422.5461811903606,211,-5215,1053,211,539,351.0,169.1862878604528,211,539,-5778,-5215,-563,-2889.0,3289.4607460798197,-5215,-563,-4925,-5135,499,-985.0,2349.359487179431,191,-5135,733,43,499,244.3333333333333,232.6313249184927,191,499,-5658,-5135,-523,-2829.0,3261.176474832357,-5135,-523,0,0,0,0.0,0.0,0,0,0,-6,10,-4,13,1.1111111111111112,4.728753653037036,1,-4,16,0,13,3.2,5.495452665613635,1,1,-6,-4,0,-1.5,1.7320508075688772,-4,-1,0,0,0,0.0,0.0,0,0,0,0,0,0.0,0.0,0,0,0,0,0,0.0,0.0,0,0,-4925,-5135,373,-547.2222222222222,1735.3629143336111,191,-5135,733,0,373,146.6,146.5240594578242,191,126,-5658,-5135,0,-1414.5,2489.3351856804397,-5135,-51,0,0,0,0.0,0.0,0,0,4,-10,32,-24,0,0,191,-1420,124.4687530000001,0.1119070000004285,0.1133410000002186,124.4687530000001,5.400000009103678e-05,10.082422000000406,2.648271340425534,4.4050693982122455,0.1119070000004285,0.0014339999997901,120.99099800000111,0.0002489999997123,10.082422000000406,5.499590818181869,5.113213528042361,0.0014339999997901,0.0168739999999161,3.4777549999989787,5.400000009103678e-05,2.7665029999998296,0.1391101999999591,0.551948395908745,0.1119070000004285,0.0008909999996831,Benign
6469.957239,10.0.2.15,51831,52.222.174.29,443,tcp,ShADadTTfF,SF,APSF,485,135,350,2.592592592592593,14.944007447056086,16.719297311684855,1,-1,342557,40,1500,706.3030927835055,665.1728794816072,52,44,21485,40,1500,159.14814814814818,351.3485006843095,52,40,321072,40,1460,917.3485714285716,636.9728225891204,44,40,332857,20,1480,686.3030927835055,665.1728794816072,32,24,18785,20,1480,139.14814814814815,351.3485006843095,32,20,314072,20,1440,897.3485714285716,636.9728225891204,24,20,323141,0,1460,666.2701030927831,665.2057433800582,0,0,16073,0,1460,119.0592592592593,351.3773275453043,0,0,307068,0,1420,877.3371428571428,636.9885728040424,0,0,1,-1,323141,1,1460,931.242074927954,609.5247216619433,195,89,16073,1,1460,422.9736842105263,561.3600996249418,195,126,307068,31,1420,993.7475728155338,586.267032568123,89,1420,4,6,-215,-20,4,-0.9953703703703712,3.167417971530409,1,-1,135,1,4,1.25,0.5657680248511092,1,2,-350,-20,-1,-3.240740740740741,3.1082355795752936,-1,-3,-295287,-20426,1777,-1367.0694444444443,3189.367517643098,32,-24,18785,20,1777,173.93518518518525,402.0310415584857,32,235,-314072,-20426,-20,-2908.074074074074,3934.944730468896,-24,-1569,-290995,-20026,1717,-1347.1990740740737,3130.1349182897548,0,0,16073,0,1717,148.82407407407405,396.64477925512847,0,195,-307068,-20026,0,-2843.2222222222226,3874.4968641303294,0,-1509,0,0,0,0.0,0.0,0,0,0,-2,-215,-12,41,-1.5467625899280582,5.68652490807739,3,-3,135,1,41,7.941176470588235,11.583774148757032,3,3,-350,-12,-1,-2.8688524590163937,2.174042278634761,-3,-4,0,0,0,0.0,0.0,0,0,0,0,0,0.0,0.0,0,0,0,0,0,0.0,0.0,0,0,-290995,-14600,1717,-2093.4892086330933,2894.6518710533824,195,-89,16073,11,1717,945.470588235294,503.1765492408031,195,126,-307068,-14600,0,-2516.950819672129,2836.2698231934846,-89,-5022,1282,-7,30,9.223021582733816,9.224293041107618,0,1,4,-6,-271,-109,11,-7.970588235294119,27.930091618634407,1,-5,38,1,11,2.235294117647059,2.818009309883173,1,1,-309,-109,-1,-18.176470588235293,37.14369948947878,-5,-1,-296415,-116754,1757,-8718.088235294119,28969.702594019112,215,-5211,16833,146,1757,990.1764705882352,491.6867950349741,215,146,-313248,-116754,-51,-18426.352941176472,39120.53428178924,-5211,-262,-290995,-114574,1717,-8558.676470588236,28413.14672313397,195,-5111,16073,11,1717,945.470588235294,503.1765492408031,195,126,-307068,-114574,-31,-18062.82352941177,38377.97004017294,-5111,-242,0,0,0,0.0,0.0,0,0,0,-6,-271,-11,11,-1.949640287769784,2.6274022576097225,1,-1,38,1,11,2.235294117647059,2.818009309883173,1,1,-309,-11,0,-2.5327868852459026,2.004888349272777,-1,-4,0,0,0,0.0,0.0,0,0,0,0,0,0.0,0.0,0,0,0,0,0,0.0,0.0,0,0,-290995,-14600,1717,-2093.4892086330933,2894.6518710533824,195,-89,16073,11,1717,945.470588235294,503.1765492408031,195,126,-307068,-14600,0,-2516.950819672129,2836.2698231934846,-89,-5022,11,0,11,0.0802919708029197,0.9397934234884372,0,0,4,-6,32,-24,0,0,195,-89,283.44783800000005,0.0250040000000808,0.0279549999995651,283.44783800000005,0.0,10.116732000000413,0.5856360289256202,2.234878434037378,0.0250040000000808,0.0029509999994843,267.0470389999928,0.0,10.116732000000413,1.992888350746214,3.828904298908144,0.0029509999994843,0.0148449999996955,16.400799000007282,2.8000000384054147e-05,9.65439300000071,0.0468594257143065,0.5234266636366843,0.0250040000000808,0.0009960000006685,Benign
1523.376804,10.0.2.15,51594,13.32.117.25,443,tcp,ShADadTTfF,SF,APSF,104,50,54,1.08,2.324888888888889,2.6805714285714286,1,-1,14962,40,1460,143.86538461538456,283.1771567254548,52,44,4500,40,582,90.0,132.57450735341243,52,40,10462,40,1460,193.74074074074068,366.4946747372487,44,40,12882,20,1440,123.86538461538458,283.1771567254548,32,24,3500,20,562,70.0,132.57450735341243,32,20,9382,20,1440,173.74074074074068,366.4946747372487,24,20,10786,0,1420,103.7115384615384,283.23134299010604,0,0,2488,0,542,49.76,132.6555398198581,0,0,8298,0,1420,153.66666666666663,366.52591352183936,0,0,1,-1,10786,1,1420,211.49019607843132,376.8330862622876,191,89,2488,1,542,63.7948717948718,147.55537399248485,191,126,8298,31,1420,691.5,491.4861507343176,89,1420,4,6,-4,-3,2,-0.0476190476190476,1.3524165066072142,1,-1,50,1,2,1.190476190476191,0.3974366179316376,1,2,-54,-3,-1,-1.285714285714286,0.6357524554958396,-1,-3,-5882,-3661,562,-70.02380952380955,477.64613549318886,32,-24,3500,20,562,83.33333333333333,142.60959271717786,32,231,-9382,-3661,-20,-223.3809523809523,627.1639592829463,-24,-1569,-5810,-3601,542,-69.16666666666666,464.00100834262406,0,0,2488,0,542,59.238095238095234,143.02444094796704,0,191,-8298,-3601,0,-197.57142857142856,617.7452368900537,0,-1509,0,0,0,0.0,0.0,0,0,0,-2,-4,-12,14,-0.2222222222222222,7.191134701884925,3,-3,50,1,14,6.25,4.527692569068709,3,3,-54,-12,-1,-5.4,3.8355066303046734,-3,-4,0,0,0,0.0,0.0,0,0,0,0,0,0.0,0.0,0,0,0,0,0,0.0,0.0,0,0,-5810,-5021,546,-322.77777777777777,1239.2230277146646,191,-89,2488,11,546,311.0,181.5378748360793,191,126,-8298,-5021,0,-829.8,1494.1237342781667,-89,-5021,-9,-10,12,-0.5000000000000002,4.0908793819479765,0,1,4,-6,27,-5,11,1.9285714285714284,4.763067623581802,1,-5,39,1,11,5.571428571428571,3.994043183589901,1,2,-12,-5,-1,-1.7142857142857142,1.4960264830861911,-5,-2,-5270,-5210,646,-376.4285714285714,1495.619846510043,211,-5210,3268,211,646,466.8571428571428,177.08324649857815,211,531,-8538,-5210,-51,-1219.7142857142858,1776.4872374328795,-5210,-865,-5810,-5110,546,-415.0,1436.837660119772,191,-5110,2488,11,546,355.4285714285714,188.03089918313705,191,491,-8298,-5110,-31,-1185.428571428571,1747.2147222692138,-5110,-825,0,0,0,0.0,0.0,0,0,0,-6,27,-4,11,1.5000000000000002,4.162154419500159,1,-1,39,1,11,4.875,4.155461122770509,1,1,-12,-4,0,-1.2,1.0327955589886444,-1,-4,0,0,0,0.0,0.0,0,0,0,0,0,0.0,0.0,0,0,0,0,0,0.0,0.0,0,0,-5810,-5021,546,-322.77777777777777,1239.2230277146646,191,-89,2488,11,546,311.0,181.5378748360793,191,126,-8298,-5021,0,-829.8,1494.1237342781667,-89,-5021,11,0,11,0.6875,2.75,0,0,4,-6,32,-24,0,0,191,-89,346.24749999999995,0.0314929999999549,0.0325490000000172,346.24749999999995,3.399999991415825e-05,10.114135999999917,3.361626213592233,4.665332677141418,0.0314929999999549,0.0010560000000623,335.45141299999955,0.0005310000001372,10.114135999999917,6.845947204081624,4.550740379559731,0.0010560000000623,0.0025900000000547,10.796087000000398,3.399999991415825e-05,9.659726999999975,0.1999275370370444,1.3127366423746072,0.0314929999999549,0.0006399999999757,Benign
1574.037469,10.0.2.15,60263,54.192.92.108,443,tcp,ShADadFf,SF,APSF,25,11,14,1.2727272727272727,7.432160804020101,9.78472222222222,1,-1,6712,40,1460,268.48,474.068570989472,48,44,796,40,231,72.36363636363636,64.69972600756934,48,40,5916,40,1460,422.5714285714287,594.6186514559904,44,40,6212,20,1440,248.48,474.068570989472,28,24,576,20,211,52.36363636363637,64.69972600756934,28,20,5636,20,1440,402.57142857142856,594.6186514559904,24,20,5700,0,1420,228.00000000000003,474.30572067672415,0,0,348,0,191,31.636363636363637,65.04501937469576,0,0,5352,0,1420,382.28571428571433,594.815476050725,0,0,1,-1,5700,31,1420,518.1818181818182,611.9759502107609,191,1420,348,31,191,116.0,80.46738469715541,191,126,5352,40,1420,669.0,661.7051566110954,1420,40,4,6,-3,-3,3,-0.2,1.8973665961010275,1,-1,11,1,3,1.3749999999999998,0.7440238091428449,1,2,-14,-3,-1,-2.0,0.816496580927726,-1,-3,-5060,-1520,231,-337.33333333333337,645.591386323608,28,-24,576,20,231,72.0,79.16528820855045,28,231,-5636,-1520,-24,-805.1428571428571,697.4733993903587,-24,-1520,-5004,-1460,191,-333.6,619.345714674538,0,0,348,0,191,43.5,73.85313611679408,0,191,-5352,-1460,0,-764.5714285714286,694.5355419614025,0,-1460,0,0,0,0.0,0.0,0,0,0,-2,-3,-4,4,-0.3,2.79085809185793,3,-4,11,2,4,2.75,0.957427107756338,3,4,-14,-4,-1,-2.333333333333333,1.0327955589886444,-4,-2,0,0,0,0.0,0.0,0,0,0,0,0,0.0,0.0,0,0,0,0,0,0.0,0.0,0,0,-5004,-1460,191,-500.4,709.8967374046579,191,-1460,348,0,191,87.0,87.63941274715769,191,126,-5352,-1460,0,-892.0000000000001,665.1736615350912,-1460,-1460,6,-1,3,0.6,1.1737877907772674,0,1,4,-7,-5,-7,1,-1.0,3.464101615137755,1,-7,3,1,1,1.0,0.0,1,1,-8,-7,-1,-4.0,4.242640687119285,-7,-1,-5104,-5250,211,-1020.8,2371.15050133896,211,-5250,408,51,211,136.0,80.46738469715541,211,146,-5512,-5250,-262,-2756.0,3527.048624558499,-5250,-262,-5004,-5110,191,-1000.8,2303.0403166249607,191,-5110,348,31,191,116.0,80.46738469715541,191,126,-5352,-5110,-242,-2676.0,3442.1958108161134,-5110,-242,0,0,0,0.0,0.0,0,0,0,-6,-5,-2,1,-0.5,1.2692955176439846,1,-2,3,0,1,0.75,0.5,1,1,-8,-2,0,-1.3333333333333337,0.816496580927726,-2,-2,0,0,0,0.0,0.0,0,0,0,0,0,0.0,0.0,0,0,0,0,0,0.0,0.0,0,0,-5004,-1460,191,-500.4,709.8967374046579,191,-1460,348,0,191,87.0,87.63941274715769,191,126,-5352,-1460,0,-892.0000000000001,665.1736615350912,-1460,-1460,0,0,0,0.0,0.0,0,0,4,-7,28,-24,0,0,191,-1420,5.778521999999839,0.2494769999998425,0.2509809999999106,5.778521999999839,2.100000006066693e-05,5.014503999999988,0.2407717499999933,1.019055655846016,0.2494769999998425,0.0015040000000681,5.295614999999771,0.0002600000000256,5.014503999999988,0.5295614999999771,1.577148101743093,0.0015040000000681,0.0541869999999562,0.4829070000000683,2.100000006066693e-05,0.2494769999998425,0.034493357142862,0.0726639355035008,0.2494769999998425,0.0010480000000825,Benign
1573.661046,10.0.2.15,60261,54.192.92.108,443,tcp,ShADadTFR,RSTO,APRSF,145,49,96,1.959183673469388,16.842117168061524,21.08079046788724,1,-1,78880,40,1479,544.0000000000001,651.1601505518183,48,44,4421,40,1479,90.22448979591836,225.5884218093246,48,40,74459,40,1460,775.6145833333334,675.7062483808161,44,40,75980,20,1459,524.0000000000001,651.1601505518184,28,24,3441,20,1459,70.22448979591837,225.5884218093246,28,20,72539,20,1440,755.6145833333334,675.7062483808161,24,20,73068,0,1439,503.9172413793104,651.2242157771465,0,0,2453,0,1439,50.061224489795926,225.62250997363435,0,0,70615,0,1420,735.5729166666665,675.7519592399764,0,0,1,-1,73068,1,1439,777.3191489361702,664.7212887160952,191,1420,2453,1,1439,408.83333333333337,559.177401784681,191,126,70615,40,1420,802.4431818181819,666.5990515933562,1420,40,4,6,-47,-10,3,-0.5529411764705879,1.9790923987244948,1,-1,49,1,3,1.1395348837209305,0.4129680806780529,1,2,-96,-10,-1,-2.2857142857142865,1.3304265643791,-1,-3,-69098,-13340,1459,-812.9176470588234,1649.5645472421522,28,-24,3441,20,1459,80.02325581395348,240.46428191076856,28,231,-72539,-13340,-20,-1727.1190476190477,1955.3109315759823,-24,-1520,-68162,-13140,1439,-801.905882352941,1615.8480865030172,0,0,2453,0,1439,57.04651162790698,240.35340582134984,0,191,-70615,-13140,0,-1681.3095238095236,1929.7961157075035,0,-1460,0,0,0,0.0,0.0,0,0,0,-2,-47,-10,39,-0.9400000000000002,6.058928308281751,3,-4,49,1,39,8.166666666666668,15.131644546005786,3,3,-96,-10,0,-2.1818181818181825,1.4349901105360108,-4,-3,0,0,0,0.0,0.0,0,0,0,0,0,0.0,0.0,0,0,0,0,0,0.0,0.0,0,0,-68162,-13140,1440,-1363.2399999999996,1895.8048590700123,191,-1460,2453,0,1440,408.83333333333337,559.691849741147,191,126,-70615,-13140,0,-1604.8863636363635,1887.1209672212335,-1460,-3650,711,-2,36,14.219999999999995,12.718763256524204,0,1,4,-7,-82,-82,3,-13.666666666666666,33.59563463705764,1,-5,6,1,3,2.0,1.0,1,2,-88,-82,-1,-29.333333333333336,45.654499595695206,-5,-82,-69802,-66014,1531,-11633.666666666668,26748.244575423385,211,-5210,2573,211,1531,857.6666666666667,660.4039168064749,211,831,-72375,-66014,-1151,-24125.0,36333.66360553254,-5210,-66014,-68162,-64374,1471,-11360.333333333334,26076.372828034702,191,-5110,2453,191,1471,817.6666666666667,640.4165311212175,191,791,-70615,-64374,-1131,-23538.333333333336,35420.64178319379,-5110,-64374,0,0,0,0.0,0.0,0,0,0,-6,-82,-10,2,-1.64,1.6132107672563545,1,-2,6,0,2,1.0,0.6324555320336759,1,1,-88,-10,0,-2.0,1.346830905634443,-2,-3,0,0,0,0.0,0.0,0,0,0,0,0,0.0,0.0,0,0,0,0,0,0.0,0.0,0,0,-68162,-13140,1440,-1363.2399999999996,1895.8048590700123,191,-1460,2453,0,1440,408.83333333333337,559.691849741147,191,126,-70615,-13140,0,-1604.8863636363635,1887.1209672212335,-1460,-3650,0,0,0,0.0,0.0,0,0,4,-7,28,-24,0,0,191,-1420,17.667120999999952,0.1433640000000196,0.1451429999999618,17.667120999999952,2.199999994445534e-05,10.001920999999813,0.1226883402777774,0.8707903119912574,0.1433640000000196,0.0017789999999422,13.188063999999486,0.0002599999997983,10.001920999999813,0.2747513333333226,1.48808363179607,0.0017789999999422,0.0160830000002079,4.479057000000466,2.199999994445534e-05,1.4015079999999216,0.0466568437500048,0.1683386809679943,0.1433640000000196,0.0011839999999665,Benign
12972.349274,10.0.2.15,61571,54.192.47.124,443,tcp,ShADadFf,SF,APSF,21,10,11,1.1,5.337016574585635,6.293453724604966,1,-1,6882,40,1460,327.7142857142857,518.4679491402668,52,44,1086,40,557,108.6,162.347501092906,52,40,5796,40,1460,526.9090909090909,649.7995774922379,44,40,6462,20,1440,307.7142857142857,518.4679491402668,32,24,886,20,537,88.60000000000001,162.347501092906,32,20,5576,20,1440,506.9090909090909,649.7995774922379,24,20,6026,0,1420,286.95238095238096,518.9034087564348,0,0,674,0,517,67.39999999999999,162.85590085853335,0,0,5352,0,1420,486.5454545454545,650.0978947260734,0,0,1,-1,6026,31,1420,753.25,606.5482550583141,517,1420,674,31,517,224.66666666666669,257.585584482776,517,126,5352,242,1420,1070.4,524.7578489170029,1420,1420,4,6,-1,-3,3,-0.0909090909090908,2.165850662190053,1,-1,10,1,3,1.6666666666666667,0.816496580927726,1,2,-11,-3,-1,-2.2,0.8366600265340756,-1,-3,-4690,-2900,557,-426.3636363636363,1103.5426836083209,32,-24,886,20,557,147.66666666666666,208.3637844412187,32,557,-5576,-2900,-24,-1115.2,1379.442351096993,-24,-2900,-4678,-2840,517,-425.27272727272737,1075.7213478321505,0,0,674,0,517,112.33333333333334,204.163333306122,0,517,-5352,-2840,0,-1070.4,1373.7069556495665,0,-2840,0,0,0,0.0,0.0,0,0,0,-2,-1,-6,3,-0.1428571428571429,3.532165125838609,3,-6,10,2,3,2.5,0.5773502691896257,3,3,-11,-6,-2,-3.6666666666666665,2.0816659994661326,-6,-2,0,0,0,0.0,0.0,0,0,0,0,0,0.0,0.0,0,0,0,0,0,0.0,0.0,0,0,-4678,-5110,517,-668.2857142857143,1971.824427130512,517,-5110,674,0,517,168.5,238.43727337254413,517,126,-5352,-5110,0,-1784.0,2882.940859608466,-5110,-242,1,-1,1,0.1428571428571428,0.6900655593423541,0,1,4,-10,-2,-4,1,-0.4,2.1908902300206643,1,-4,3,1,1,1.0,0.0,1,1,-5,-4,-1,-2.5,2.1213203435596424,-4,-1,-4718,-5190,537,-943.6,2390.874588931841,537,-5190,734,51,537,244.66666666666669,257.585584482776,537,146,-5452,-5190,-262,-2726.0,3484.622217687306,-5190,-262,-4678,-5110,517,-935.6,2349.3644459725697,517,-5110,674,31,517,224.66666666666669,257.585584482776,517,126,-5352,-5110,-242,-2676.0,3442.1958108161134,-5110,-242,0,0,0,0.0,0.0,0,0,0,-6,-2,-4,1,-0.2857142857142857,1.7994708216848745,1,-4,3,0,1,0.75,0.5,1,1,-5,-4,0,-1.6666666666666663,2.0816659994661326,-4,-1,0,0,0,0.0,0.0,0,0,0,0,0,0.0,0.0,0,0,0,0,0,0.0,0.0,0,0,-4678,-5110,517,-668.2857142857143,1971.824427130512,517,-5110,674,0,517,168.5,238.43727337254413,517,126,-5352,-5110,0,-1784.0,2882.940859608466,-5110,-242,0,0,0,0.0,0.0,0,0,4,-10,32,-24,0,0,517,-1420,11.42243899999994,0.0187179999993531,0.0364379999991797,11.42243899999994,5.100000089441892e-05,6.819491000000198,0.571121949999997,1.7091899896207148,0.0187179999993531,0.0177199999998265,11.280203999998776,0.0003949999991164,6.819491000000198,1.253355999999864,2.446555381210276,0.0177199999998265,3.9217220000009543,0.1422350000011647,5.100000089441892e-05,0.0609169999988807,0.0129304545455604,0.0196652809657279,0.0187179999993531,0.0011799999992945,Benign
12972.346778,10.0.2.15,61570,54.192.47.124,443,tcp,ShADadFf,SF,APSF,22,10,12,1.2,5.373848987108656,6.316027088036117,1,-1,6922,40,1460,314.6363636363636,506.6414666779416,52,44,1086,40,557,108.6,162.347501092906,52,40,5836,40,1460,486.3333333333333,630.6503617598889,44,40,6482,20,1440,294.6363636363636,506.6414666779416,32,24,886,20,537,88.60000000000001,162.347501092906,32,20,5596,20,1440,466.33333333333337,630.6503617598889,24,20,6026,0,1420,273.90909090909093,507.0462465139606,0,0,674,0,517,67.39999999999999,162.85590085853335,0,0,5352,0,1420,446.0,630.9064186477334,0,0,1,-1,6026,31,1420,669.5555555555554,613.8860055236458,517,1420,674,31,517,224.66666666666669,257.585584482776,517,126,5352,40,1420,892.0,631.1069639926342,1420,40,4,6,-2,-3,3,-0.1818181818181818,2.272363607268072,1,-1,10,1,3,1.6666666666666667,0.816496580927726,1,2,-12,-3,-1,-2.4,0.8944271909999159,-1,-3,-4710,-3710,557,-428.1818181818182,1203.7181412757573,32,-24,886,20,557,147.66666666666666,208.3637844412187,32,557,-5596,-3710,-24,-1119.2,1572.8284076783457,-24,-1520,-4678,-3650,517,-425.27272727272737,1175.0474110357495,0,0,674,0,517,112.33333333333334,204.163333306122,0,517,-5352,-3650,0,-1070.4,1563.959973912376,0,-1460,0,0,0,0.0,0.0,0,0,0,-2,-2,-4,3,-0.25,3.011881234615431,3,-4,10,2,3,2.5,0.5773502691896257,3,3,-12,-4,-2,-3.0,0.816496580927726,-4,-3,0,0,0,0.0,0.0,0,0,0,0,0,0.0,0.0,0,0,0,0,0,0.0,0.0,0,0,-4678,-3650,517,-584.75,1365.9810446289928,517,-1460,674,0,517,168.5,238.43727337254413,517,126,-5352,-3650,0,-1338.0,1668.5011237634812,-1460,-3650,1,-1,1,0.125,0.6408699444616557,0,1,4,-7,-3,-5,1,-0.6,2.6076809620810595,1,-5,3,1,1,1.0,0.0,1,1,-6,-5,-1,-3.0,2.8284271247461903,-5,-1,-4738,-5210,537,-947.6,2399.755258354485,537,-5210,734,51,537,244.66666666666669,257.585584482776,537,146,-5472,-5210,-262,-2736.0,3498.764353311037,-5210,-262,-4678,-5110,517,-935.6,2349.3644459725697,517,-5110,674,31,517,224.66666666666669,257.585584482776,517,126,-5352,-5110,-242,-2676.0,3442.1958108161134,-5110,-242,0,0,0,0.0,0.0,0,0,0,-6,-3,-3,1,-0.375,1.5059406173077154,1,-2,3,0,1,0.75,0.5,1,1,-6,-3,0,-1.5,1.2909944487358056,-2,-3,0,0,0,0.0,0.0,0,0,0,0,0,0.0,0.0,0,0,0,0,0,0.0,0.0,0,0,-4678,-3650,517,-584.75,1365.9810446289928,517,-1460,674,0,517,168.5,238.43727337254413,517,126,-5352,-3650,0,-1338.0,1668.5011237634812,-1460,-3650,0,0,0,0.0,0.0,0,0,4,-7,32,-24,0,0,517,-1420,11.81149600000026,0.0236250000016298,0.0396790000013425,11.81149600000026,3.400000059627928e-05,7.124845000000278,0.562452190476203,1.728116497491867,0.0236250000016298,0.0160539999997126,11.695142999999009,0.0004200000003038,7.124845000000278,1.299460333333223,2.529097230051041,0.0160539999997126,3.92506499999945,0.1163530000012542,3.400000059627928e-05,0.0309309999993274,0.0096960833334378,0.0133804270718495,0.0236250000016298,0.0010380000003351,Benign
13004.575336,10.0.2.15,61605,54.192.47.124,443,tcp,ShADadFf,SF,APSF,22,10,12,1.2,7.678947368421053,9.992857142857142,1,-1,6596,40,1460,299.8181818181818,503.9756831212089,52,44,760,40,231,76.0,67.08369565119547,52,40,5836,40,1460,486.3333333333333,630.6503617598889,44,40,6156,20,1440,279.8181818181818,503.9756831212089,32,24,560,20,211,56.000000000000014,67.08369565119547,32,20,5596,20,1440,466.33333333333337,630.6503617598889,24,20,5700,0,1420,259.09090909090907,504.3602179367733,0,0,348,0,191,34.8,67.66551723161673,0,0,5352,0,1420,446.0,630.9064186477334,0,0,1,-1,5700,31,1420,633.3333333333334,633.3227849998767,191,1420,348,31,191,116.0,80.46738469715541,191,126,5352,40,1420,892.0,631.1069639926342,1420,40,4,6,-2,-3,2,-0.1538461538461538,1.908147174886057,1,-1,10,1,2,1.4285714285714286,0.5345224838248488,1,2,-12,-3,-1,-2.0,0.8944271909999159,-1,-3,-5036,-3710,231,-387.38461538461536,1091.402502781134,32,-24,560,20,231,80.0,85.03136676152708,32,231,-5596,-3710,-20,-932.6666666666669,1479.0130042250023,-24,-1520,-5004,-3650,191,-384.9230769230769,1066.1389419722664,0,0,348,0,191,49.71428571428571,77.47841481280294,0,191,-5352,-3650,0,-892.0000000000001,1465.5156089240402,0,-1460,0,0,0,0.0,0.0,0,0,0,-2,-2,-4,3,-0.25,3.011881234615431,3,-4,10,2,3,2.5,0.5773502691896257,3,3,-12,-4,-2,-3.0,0.816496580927726,-4,-3,0,0,0,0.0,0.0,0,0,0,0,0,0.0,0.0,0,0,0,0,0,0.0,0.0,0,0,-5004,-3650,191,-625.5,1332.8798038189982,191,-1460,348,0,191,87.0,87.63941274715769,191,126,-5352,-3650,0,-1338.0,1668.5011237634812,-1460,-3650,1,-1,1,0.125,0.6408699444616557,0,1,4,-7,-3,-5,1,-0.6,2.6076809620810595,1,-5,3,1,1,1.0,0.0,1,1,-6,-5,-1,-3.0,2.8284271247461903,-5,-1,-5064,-5210,211,-1012.8,2353.3148323163223,211,-5210,408,51,211,136.0,80.46738469715541,211,146,-5472,-5210,-262,-2736.0,3498.764353311037,-5210,-262,-5004,-5110,191,-1000.8,2303.0403166249607,191,-5110,348,31,191,116.0,80.46738469715541,191,126,-5352,-5110,-242,-2676.0,3442.1958108161134,-5110,-242,0,0,0,0.0,0.0,0,0,0,-6,-3,-3,1,-0.375,1.5059406173077154,1,-2,3,0,1,0.75,0.5,1,1,-6,-3,0,-1.5,1.2909944487358056,-2,-3,0,0,0,0.0,0.0,0,0,0,0,0,0.0,0.0,0,0,0,0,0,0.0,0.0,0,0,-5004,-3650,191,-625.5,1332.8798038189982,191,-1460,348,0,191,87.0,87.63941274715769,191,126,-5352,-3650,0,-1338.0,1668.5011237634812,-1460,-3650,0,0,0,0.0,0.0,0,0,4,-7,32,-24,0,0,191,-1420,3.163947000000917,0.0203369999999267,0.0251939999998285,3.163947000000917,4.799999987881165e-05,1.6490559999983816,0.1506641428571865,0.3858208071312299,0.0203369999999267,0.0048569999999017,3.02800600000046,0.0008200000011129,1.6490559999983816,0.3364451111111621,0.5512201323387169,0.0048569999999017,0.5371680000007473,0.1359410000004572,4.799999987881165e-05,0.0412630000009812,0.0113284166667047,0.0159555671075661,0.0203369999999267,0.0020069999991392,Benign
13006.139526,10.0.2.15,61607,54.192.47.124,443,tcp,ShADadFf,SF,APSF,22,10,12,1.2,5.373848987108656,6.316027088036117,1,-1,6922,40,1460,314.6363636363636,506.6414666779416,52,44,1086,40,557,108.6,162.347501092906,52,40,5836,40,1460,486.3333333333333,630.6503617598889,44,40,6482,20,1440,294.6363636363636,506.6414666779416,32,24,886,20,537,88.60000000000001,162.347501092906,32,20,5596,20,1440,466.33333333333337,630.6503617598889,24,20,6026,0,1420,273.90909090909093,507.0462465139606,0,0,674,0,517,67.39999999999999,162.85590085853335,0,0,5352,0,1420,446.0,630.9064186477334,0,0,1,-1,6026,31,1420,669.5555555555554,613.8860055236458,517,1420,674,31,517,224.66666666666669,257.585584482776,517,126,5352,40,1420,892.0,631.1069639926342,1420,40,4,6,-2,-4,2,-0.1538461538461539,1.951330906763973,1,-1,10,1,2,1.4285714285714286,0.5345224838248488,1,2,-12,-4,-1,-2.0,1.095445115010332,-1,-4,-4710,-2960,557,-362.3076923076923,1026.1254296799673,32,-24,886,20,557,126.57142857142856,197.03117954853164,32,557,-5596,-2960,-20,-932.6666666666669,1324.945080622841,-24,-2960,-4678,-2880,517,-359.8461538461539,996.9382165873208,0,0,674,0,517,96.28571428571428,191.14977921838695,0,517,-5352,-2880,0,-892.0000000000001,1307.8134423533045,0,-2880,0,0,0,0.0,0.0,0,0,0,-2,-2,-4,3,-0.25,3.011881234615431,3,-4,10,2,3,2.5,0.5773502691896257,3,3,-12,-4,-2,-3.0,0.816496580927726,-4,-3,0,0,0,0.0,0.0,0,0,0,0,0,0.0,0.0,0,0,0,0,0,0.0,0.0,0,0,-4678,-3650,517,-584.75,1365.9810446289928,517,-1460,674,0,517,168.5,238.43727337254413,517,126,-5352,-3650,0,-1338.0,1668.5011237634812,-1460,-3650,1,-1,1,0.125,0.6408699444616557,0,1,4,-7,-3,-5,1,-0.6,2.6076809620810595,1,-5,3,1,1,1.0,0.0,1,1,-6,-5,-1,-3.0,2.8284271247461903,-5,-1,-4738,-5210,537,-947.6,2399.755258354485,537,-5210,734,51,537,244.66666666666669,257.585584482776,537,146,-5472,-5210,-262,-2736.0,3498.764353311037,-5210,-262,-4678,-5110,517,-935.6,2349.3644459725697,517,-5110,674,31,517,224.66666666666669,257.585584482776,517,126,-5352,-5110,-242,-2676.0,3442.1958108161134,-5110,-242,0,0,0,0.0,0.0,0,0,0,-6,-3,-3,1,-0.375,1.5059406173077154,1,-2,3,0,1,0.75,0.5,1,1,-6,-3,0,-1.5,1.2909944487358056,-2,-3,0,0,0,0.0,0.0,0,0,0,0,0,0.0,0.0,0,0,0,0,0,0.0,0.0,0,0,-4678,-3650,517,-584.75,1365.9810446289928,517,-1460,674,0,517,168.5,238.43727337254413,517,126,-5352,-3650,0,-1338.0,1668.5011237634812,-1460,-3650,0,0,0,0.0,0.0,0,0,4,-7,32,-24,0,0,517,-1420,7.717713999998523,0.0199389999997947,0.0215129999996861,7.717713999998523,5.600000076810829e-05,6.199151000000711,0.3675101904761201,1.3482979676849105,0.0199389999997947,0.0015739999998913,7.598880999998073,0.0002210000002378,6.199151000000711,0.844320111110897,2.0240910315290623,0.0015739999998913,0.6959269999988464,0.1188330000004498,5.600000076810829e-05,0.0350639999996928,0.0099027500000374,0.0130240350757466,0.0199389999997947,0.0016840000007505,Benign
12926.187304,10.0.2.15,61541,54.192.47.124,443,tcp,ShADadTFf,SF,APSF,275,82,193,2.3536585365853657,9.289609872611464,9.905938448201129,1,-1,206780,40,1500,751.9272727272728,665.8237270985111,52,44,20096,40,1500,245.07317073170728,475.88881833832994,52,40,186684,40,1460,967.274611398964,617.0737920385304,44,40,201280,20,1480,731.9272727272728,665.8237270985111,32,24,18456,20,1480,225.07317073170728,475.88881833832994,32,20,182824,20,1440,947.274611398964,617.0737920385304,24,20,195764,0,1460,711.8690909090913,665.8857206903026,0,0,16804,0,1460,204.92682926829264,475.9507646620761,0,0,178960,0,1420,927.2538860103627,617.1050295515676,0,0,1,-1,195764,1,1460,1030.336842105263,559.422029982898,191,1420,16804,1,1460,700.1666666666667,660.2650763250261,191,126,178960,34,1420,1078.0722891566268,528.7304012129897,1420,40,4,6,-111,-19,4,-0.9652173913043476,3.3741286978819183,1,-1,82,1,4,1.4137931034482762,0.7263096521655181,1,2,-193,-19,-1,-3.385964912280701,3.2882604278864545,-1,-3,-164368,-23767,2336,-1429.2869565217384,3663.897569445655,32,-24,18456,20,2336,318.2068965517242,609.1882363605064,32,231,-182824,-23767,-20,-3207.438596491228,4535.295599980005,-24,-1520,-162156,-23387,2276,-1410.0521739130436,3600.7952748370867,0,0,16804,0,2276,289.7241379310345,602.5333300267325,0,191,-178960,-23387,0,-3139.6491228070163,4470.753126436737,0,-1460,0,0,0,0.0,0.0,0,0,0,-2,-111,-14,45,-1.4050632911392409,6.121670182987336,3,-4,82,1,45,5.466666666666665,10.979634827824691,3,5,-193,-14,-1,-3.015625,2.393723190823391,-4,-2,0,0,0,0.0,0.0,0,0,0,0,0,0.0,0.0,0,0,0,0,0,0.0,0.0,0,0,-162156,-19007,2276,-2052.6075949367087,3520.97771393016,191,-1460,16804,0,2276,1120.2666666666669,694.5246541614597,191,126,-178960,-19007,0,-2796.25,3504.726581731935,-1460,-1460,855,-4,37,10.82278481012658,12.445532092622004,0,1,4,-7,-142,-147,5,-5.680000000000001,29.529251034637955,1,-7,24,1,5,1.8461538461538465,1.1435437497937313,1,2,-166,-147,-1,-13.833333333333332,41.97149104578084,-7,-147,-164996,-165560,2316,-6599.839999999997,33159.666149405064,211,-5250,17284,51,2316,1329.5384615384617,596.9397813549559,211,1443,-182280,-165560,-578,-15189.999999999998,47369.323821147445,-5250,-165560,-162156,-162620,2276,-6486.24,32569.46673813783,191,-5110,16804,31,2276,1292.6153846153843,590.1100940307012,191,1403,-178960,-162620,-558,-14913.333333333332,46530.02614018243,-5110,-162620,0,0,0,0.0,0.0,0,0,0,-6,-142,-14,5,-1.7974683544303796,2.825614282364751,1,-2,24,0,5,1.6,1.1832159566199232,1,1,-166,-14,0,-2.59375,2.486271831286277,-2,-2,0,0,0,0.0,0.0,0,0,0,0,0,0.0,0.0,0,0,0,0,0,0.0,0.0,0,0,-162156,-19007,2276,-2052.6075949367087,3520.97771393016,191,-1460,16804,0,2276,1120.2666666666669,694.5246541614597,191,126,-178960,-19007,0,-2796.25,3504.726581731935,-1460,-1460,0,0,0,0.0,0.0,0,0,4,-7,32,-24,0,0,191,-1420,92.62846000000172,0.0207930000015039,0.0217160000011062,92.62846000000172,0.0,10.066342000000075,0.3380600729927071,1.5926067473708665,0.0207930000015039,0.0009229999996023,89.75652900000568,0.0,10.066342000000075,1.108105296296367,2.7925592976740745,0.0009229999996023,0.0084210000004532,2.8719309999960387,2.8000000384054147e-05,0.2400249999991501,0.0148804715025701,0.0442969002149828,0.0207930000015039,0.0019889999985025,Benign
13002.899465,10.0.2.15,61602,54.192.47.124,443,tcp,ShADadTTfF,SF,APSF,47,22,25,1.1363636363636365,2.580534612748458,2.8369652945924133,1,-1,10448,40,1460,222.29787234042547,431.53582726439527,52,44,2918,40,1412,132.63636363636368,306.82018084966865,52,40,7530,40,1460,301.2,510.59009978651176,44,40,9508,20,1440,202.29787234042547,431.53582726439527,32,24,2478,20,1392,112.63636363636368,306.82018084966865,32,20,7030,20,1440,281.2,510.59009978651176,24,20,8552,0,1420,181.95744680851067,431.6785719192106,0,0,2026,0,1372,92.0909090909091,306.98098422430775,0,0,6526,0,1420,261.0399999999999,510.6746746543569,0,0,1,-1,8552,1,1420,388.7272727272728,569.1948517166851,517,1420,2026,1,1372,144.71428571428572,379.5107029141256,517,126,6526,31,1420,815.75,613.9904024377859,1420,1420,4,6,-3,-3,2,-0.088235294117647,1.5446417071816565,1,-1,22,1,2,1.2941176470588238,0.4696682183138621,1,2,-25,-3,-1,-1.4705882352941178,0.7998161553463029,-1,-3,-4552,-2900,1412,-133.88235294117652,719.0566532535773,32,-24,2478,20,1412,145.76470588235293,351.73312493490084,32,557,-7030,-2900,-20,-413.52941176470586,881.1944392163867,-24,-2900,-4500,-2840,1372,-132.35294117647058,699.6632472386568,0,0,2026,0,1372,119.17647058823528,346.78059261118506,0,517,-6526,-2840,0,-383.88235294117646,868.8806651630116,0,-2840,0,0,0,0.0,0.0,0,0,0,-2,-3,-12,14,-0.3,6.750308634919345,3,-6,22,2,14,5.5,5.686240703077327,3,3,-25,-12,-1,-4.166666666666666,4.215052391924289,-6,-1,0,0,0,0.0,0.0,0,0,0,0,0,0.0,0.0,0,0,0,0,0,0.0,0.0,0,0,-4500,-4380,1372,-449.9999999999999,1535.6483972576536,517,-4380,2026,11,1372,506.50000000000006,616.3064713814603,517,126,-6526,-4380,0,-1087.6666666666667,1672.4330380217518,-4380,-730,14,-1,12,1.4,3.777124126457412,0,1,4,-10,6,-5,11,0.7499999999999999,4.590362575159894,1,-5,14,1,11,3.5,5.0,1,1,-8,-5,-1,-2.0,2.0,-5,-1,-4380,-5210,1392,-547.5,2016.7361892778283,537,-5210,2306,146,1392,576.5,569.0052723833057,537,146,-6686,-5210,-51,-1671.5,2407.78355893271,-5210,-262,-4500,-5110,1372,-562.5,1968.0481265892429,517,-5110,2026,11,1372,506.50000000000006,616.3064713814603,517,126,-6526,-5110,-31,-1631.5,2368.607537492581,-5110,-242,0,0,0,0.0,0.0,0,0,0,-6,6,-4,11,0.6000000000000001,3.9496835316263,1,-4,14,1,11,3.5,5.0,1,1,-8,-4,0,-1.3333333333333337,1.3662601021279464,-4,-1,0,0,0,0.0,0.0,0,0,0,0,0,0.0,0.0,0,0,0,0,0,0.0,0.0,0,0,-4500,-4380,1372,-449.9999999999999,1535.6483972576536,517,-4380,2026,11,1372,506.50000000000006,616.3064713814603,517,126,-6526,-4380,0,-1087.6666666666667,1672.4330380217518,-4380,-730,11,0,11,1.2222222222222223,3.666666666666667,0,0,4,-10,32,-24,0,0,517,-1420,123.59732199999962,0.0209070000000792,0.0244050000001152,123.59732199999962,6.400000165740494e-05,10.087115999998788,2.686898304347818,4.39109301554989,0.0209070000000792,0.0034980000000359,113.69330099999752,0.001631000000998,10.087115999998788,5.413966714285597,4.960950404141653,0.0034980000000359,0.7332069999993109,9.904021000002103,6.400000165740494e-05,9.59121099999902,0.3961608400000841,1.915875869447865,0.0209070000000792,0.0012060000008204,Benign
13003.865715,10.0.2.15,61604,54.192.47.124,443,tcp,ShADadTTfF,SF,APSF,47,22,25,1.1363636363636365,2.580534612748458,2.8369652945924133,1,-1,10448,40,1460,222.2978723404256,434.0420193490396,52,44,2918,40,1412,132.63636363636368,306.82018084966865,52,40,7530,40,1460,301.2,514.6455900261201,44,40,9508,20,1440,202.2978723404256,434.0420193490396,32,24,2478,20,1392,112.63636363636368,306.82018084966865,32,20,7030,20,1440,281.2,514.6455900261201,24,20,8552,0,1420,181.9574468085107,434.1839400554046,0,0,2026,0,1372,92.0909090909091,306.98098422430775,0,0,6526,0,1420,261.0399999999999,514.7294985394432,0,0,1,-1,8552,1,1420,388.72727272727286,573.3538076481126,517,1420,2026,1,1372,144.71428571428572,379.5107029141256,517,126,6526,31,1420,815.7500000000001,625.4915210113907,1420,1420,4,6,-3,-3,2,-0.088235294117647,1.5446417071816565,1,-1,22,1,2,1.2941176470588238,0.4696682183138621,1,2,-25,-3,-1,-1.4705882352941178,0.7998161553463029,-1,-3,-4552,-2900,1412,-133.88235294117652,718.106127241771,32,-24,2478,20,1412,145.76470588235293,351.73312493490084,32,557,-7030,-2900,-20,-413.52941176470586,879.5943040435643,-24,-2900,-4500,-2840,1372,-132.35294117647058,699.6632472386568,0,0,2026,0,1372,119.17647058823528,346.78059261118506,0,517,-6526,-2840,0,-383.88235294117646,868.8806651630116,0,-2840,0,0,0,0.0,0.0,0,0,0,-2,-3,-12,14,-0.3,6.750308634919345,3,-6,22,2,14,5.5,5.686240703077327,3,3,-25,-12,-1,-4.166666666666666,4.215052391924289,-6,-2,0,0,0,0.0,0.0,0,0,0,0,0,0.0,0.0,0,0,0,0,0,0.0,0.0,0,0,-4500,-5110,1372,-450.0,1749.3913862318582,517,-5110,2026,11,1372,506.50000000000006,616.3064713814603,517,126,-6526,-5110,0,-1087.6666666666667,2015.1699349351825,-5110,-242,13,-1,12,1.3,3.802046232695699,0,1,4,-10,6,-4,11,0.7499999999999998,4.496029994816062,1,-4,14,1,11,3.5,5.0,1,1,-8,-4,-1,-2.0,1.4142135623730951,-4,-1,-4380,-5190,1392,-547.5,2011.022980617434,537,-5190,2306,146,1392,576.5,569.0052723833057,537,146,-6686,-5190,-51,-1671.5,2396.6076719674693,-5190,-262,-4500,-5110,1372,-562.5,1968.0481265892429,517,-5110,2026,11,1372,506.50000000000006,616.3064713814603,517,126,-6526,-5110,-31,-1631.5,2368.607537492581,-5110,-242,0,0,0,0.0,0.0,0,0,0,-6,6,-4,11,0.6000000000000001,3.9496835316263,1,-4,14,1,11,3.5,5.0,1,1,-8,-4,0,-1.3333333333333337,1.3662601021279464,-4,-1,0,0,0,0.0,0.0,0,0,0,0,0,0.0,0.0,0,0,0,0,0,0.0,0.0,0,0,-4500,-5110,1372,-450.0,1749.3913862318582,517,-5110,2026,11,1372,506.50000000000006,616.3064713814603,517,126,-6526,-5110,0,-1087.6666666666667,2015.1699349351825,-5110,-242,11,0,11,1.2222222222222223,3.666666666666667,0,0,4,-10,32,-24,0,0,517,-1420,123.33458699999936,0.0197200000002339,0.0206870000001799,123.33458699999936,5.299999975250103e-05,10.052528000000166,2.68118667391303,4.403420171088427,0.0197200000002339,0.0009669999999459,113.34577000000172,0.000718000001143,10.052528000000166,5.397417619047701,4.984766167607942,0.0009669999999459,0.6868469999990339,9.988816999997653,5.299999975250103e-05,9.720008000000234,0.3995526799999061,1.9420197355583408,0.0197200000002339,0.0012420000002748,Benign
13004.576285,10.0.2.15,61606,54.192.47.124,443,tcp,ShADadTTfF,SF,APSF,54,25,29,1.16,2.467287596547024,2.6348026652998464,1,-1,15263,40,1500,282.6481481481482,489.3770455715664,52,44,4402,40,1500,176.08,360.14741426254886,52,40,10861,40,1460,374.51724137931046,568.5614441408658,44,40,14183,20,1480,262.6481481481482,489.3770455715664,32,24,3902,20,1480,156.07999999999998,360.14741426254886,32,20,10281,20,1440,354.51724137931046,568.5614441408658,24,20,13087,0,1460,242.351851851852,489.523532589364,0,0,3390,0,1460,135.59999999999997,360.3276286936654,0,0,9697,0,1420,334.37931034482745,568.6449691901104,0,0,1,-1,13087,1,1460,503.34615384615375,609.4237240086861,191,1420,3390,1,1460,211.87499999999997,436.4624267906688,191,126,9697,31,1420,969.7,566.989525672408,1420,1420,4,6,-4,-4,3,-0.111111111111111,1.7200959736974442,1,-1,25,1,3,1.3888888888888893,0.6076849889141857,1,2,-29,-4,-1,-1.6111111111111107,0.9785276387866012,-1,-3,-6379,-3241,2088,-177.19444444444446,930.242052047114,32,-24,3902,20,2088,216.77777777777771,529.004898849279,32,231,-10281,-3241,-20,-571.1666666666667,1083.0829227935683,-24,-2900,-6307,-3161,2028,-175.19444444444443,905.9913534574612,0,0,3390,0,2028,188.3333333333333,519.9467167271029,0,191,-9697,-3161,0,-538.7222222222222,1067.5801557208194,0,-2840,0,0,0,0.0,0.0,0,0,0,-2,-4,-12,14,-0.3636363636363634,6.622276455611428,3,-6,25,2,14,5.0,5.049752469181039,3,3,-29,-12,-2,-4.833333333333334,3.816630276391292,-6,-2,0,0,0,0.0,0.0,0,0,0,0,0,0.0,0.0,0,0,0,0,0,0.0,0.0,0,0,-6307,-5110,2028,-573.3636363636364,1977.6543819751355,191,-5110,3390,11,2028,678.0,856.7377078196104,191,126,-9697,-5110,0,-1616.1666666666667,2089.066147029976,-5110,-242,13,-1,12,1.181818181818182,3.628172592867705,0,1,4,-10,6,-4,11,0.5999999999999999,4.115013163202923,1,-4,16,1,11,3.2,4.381780460041329,1,1,-10,-4,-1,-2.0,1.4142135623730951,-4,-1,-6187,-5190,2068,-618.7,2119.6686350045898,211,-5190,3710,146,2068,742.0,829.7466480800028,211,146,-9897,-5190,-51,-1979.4,2189.063338508048,-5190,-262,-6307,-5110,2028,-630.7,2074.971167135689,191,-5110,3390,11,2028,678.0,856.7377078196104,191,126,-9697,-5110,-31,-1939.4,2161.3996159896024,-5110,-242,0,0,0,0.0,0.0,0,0,0,-6,6,-4,11,0.5454545454545454,3.9080336836735774,1,-4,16,1,11,3.2,4.381780460041329,1,1,-10,-4,0,-1.6666666666666667,1.505545305418162,-4,-1,0,0,0,0.0,0.0,0,0,0,0,0,0.0,0.0,0,0,0,0,0,0.0,0.0,0,0,-6307,-5110,2028,-573.3636363636364,1977.6543819751355,191,-5110,3390,11,2028,678.0,856.7377078196104,191,126,-9697,-5110,0,-1616.1666666666667,2089.066147029976,-5110,-242,11,0,11,1.1,3.478505426185217,0,0,4,-10,32,-24,0,0,191,-1420,131.57549800000015,0.0211010000002715,0.0249490000005607,131.57549800000015,0.0,10.054973000000246,2.48255656603774,4.2275744130557,0.0211010000002715,0.0038480000002891,121.280407000002,0.0,10.054973000000246,5.053350291666751,4.882827358126633,0.0038480000002891,0.5286470000010013,10.295090999998138,3.5999999454361387e-05,9.7298290000017,0.3550031379309702,1.80390864623758,0.0211010000002715,0.0013479999997798,Benign
7633.758137,10.0.2.15,58626,54.192.47.124,443,tcp,ShADadFf,SF,APSF,22,10,12,1.2,5.393715341959335,6.344671201814059,1,-1,6918,40,1460,314.45454545454544,506.7409150427415,48,44,1082,40,557,108.2,162.50729898137567,48,40,5836,40,1460,486.3333333333333,630.6503617598889,44,40,6478,20,1440,294.45454545454544,506.7409150427415,28,24,882,20,537,88.19999999999999,162.50729898137567,28,20,5596,20,1440,466.33333333333337,630.6503617598889,24,20,6026,0,1420,273.90909090909093,507.0462465139606,0,0,674,0,517,67.39999999999999,162.85590085853335,0,0,5352,0,1420,446.0,630.9064186477334,0,0,1,-1,6026,31,1420,669.5555555555554,613.8860055236458,517,1420,674,31,517,224.66666666666669,257.585584482776,517,126,5352,40,1420,892.0,631.1069639926342,1420,40,4,6,-2,-3,3,-0.1818181818181818,2.272363607268072,1,-1,10,1,3,1.6666666666666667,0.816496580927726,1,2,-12,-3,-1,-2.4,0.8944271909999159,-1,-3,-4714,-3710,557,-428.5454545454545,1203.565815702354,28,-24,882,20,557,147.0,208.8137926478996,28,557,-5596,-3710,-24,-1119.2,1572.8284076783457,-24,-1520,-4678,-3650,517,-425.27272727272737,1175.0474110357495,0,0,674,0,517,112.33333333333334,204.163333306122,0,517,-5352,-3650,0,-1070.4,1563.959973912376,0,-1460,0,0,0,0.0,0.0,0,0,0,-2,-2,-4,3,-0.25,3.011881234615431,3,-4,10,2,3,2.5,0.5773502691896257,3,3,-12,-4,-2,-3.0,0.816496580927726,-4,-3,0,0,0,0.0,0.0,0,0,0,0,0,0.0,0.0,0,0,0,0,0,0.0,0.0,0,0,-4678,-3650,517,-584.75,1365.9810446289928,517,-1460,674,0,517,168.5,238.43727337254413,517,126,-5352,-3650,0,-1338.0,1668.5011237634812,-1460,-3650,1,-1,1,0.125,0.6408699444616557,0,1,4,-7,-3,-5,1,-0.6,2.6076809620810595,1,-5,3,1,1,1.0,0.0,1,1,-6,-5,-1,-3.0,2.8284271247461903,-5,-1,-4738,-5210,537,-947.6,2399.755258354485,537,-5210,734,51,537,244.66666666666669,257.585584482776,537,146,-5472,-5210,-262,-2736.0,3498.764353311037,-5210,-262,-4678,-5110,517,-935.6,2349.3644459725697,517,-5110,674,31,517,224.66666666666669,257.585584482776,517,126,-5352,-5110,-242,-2676.0,3442.1958108161134,-5110,-242,0,0,0,0.0,0.0,0,0,0,-6,-3,-3,1,-0.375,1.5059406173077154,1,-2,3,0,1,0.75,0.5,1,1,-6,-3,0,-1.5,1.2909944487358056,-2,-3,0,0,0,0.0,0.0,0,0,0,0,0,0.0,0.0,0,0,0,0,0,0.0,0.0,0,0,-4678,-3650,517,-584.75,1365.9810446289928,517,-1460,674,0,517,168.5,238.43727337254413,517,126,-5352,-3650,0,-1338.0,1668.5011237634812,-1460,-3650,0,0,0,0.0,0.0,0,0,4,-7,28,-24,0,0,517,-1420,7.912631000000147,0.0328230000004623,0.033994000000348,7.912631000000147,3.600000036385609e-05,4.947995999999876,0.3767919523809593,1.156592543398165,0.0328230000004623,0.0011709999998856,7.625028999998904,0.0006199999997988,4.947995999999876,0.8472254444443226,1.7048435718422943,0.0011709999998856,2.267609999999877,0.2876020000012431,3.600000036385609e-05,0.1210499999997409,0.0239668333334369,0.0388441918012709,0.0328230000004623,0.0017310000002908,Benign
7633.746026,10.0.2.15,58625,54.192.47.124,443,tcp,ShADadFf,SF,APSF,21,10,11,1.1,5.356746765249538,6.321995464852607,1,-1,6878,40,1460,327.5238095238095,518.5750301593414,48,44,1082,40,557,108.2,162.50729898137567,48,40,5796,40,1460,526.9090909090909,649.7995774922379,44,40,6458,20,1440,307.5238095238095,518.5750301593414,28,24,882,20,537,88.19999999999999,162.50729898137567,28,20,5576,20,1440,506.9090909090909,649.7995774922379,24,20,6026,0,1420,286.95238095238096,518.9034087564348,0,0,674,0,517,67.39999999999999,162.85590085853335,0,0,5352,0,1420,486.5454545454545,650.0978947260734,0,0,1,-1,6026,31,1420,753.25,606.5482550583141,517,1420,674,31,517,224.66666666666669,257.585584482776,517,126,5352,242,1420,1070.4,524.7578489170029,1420,1420,4,6,-1,-3,2,-0.0769230769230769,1.8009968749527976,1,-1,10,1,2,1.4285714285714286,0.5345224838248488,1,2,-11,-3,-1,-1.8333333333333333,0.752772652709081,-1,-3,-4694,-2900,557,-361.0769230769231,1019.7276974384274,28,-24,882,20,557,126.0,197.35669906711215,28,557,-5576,-2900,-20,-929.3333333333334,1315.0085424310623,-24,-2900,-4678,-2840,517,-359.8461538461539,994.896547901158,0,0,674,0,517,96.28571428571428,191.14977921838695,0,517,-5352,-2840,0,-892.0000000000001,1304.0766848617454,0,-2840,0,0,0,0.0,0.0,0,0,0,-2,-1,-6,3,-0.1428571428571429,3.532165125838609,3,-6,10,2,3,2.5,0.5773502691896257,3,3,-11,-6,-2,-3.6666666666666665,2.0816659994661326,-6,-2,0,0,0,0.0,0.0,0,0,0,0,0,0.0,0.0,0,0,0,0,0,0.0,0.0,0,0,-4678,-5110,517,-668.2857142857143,1971.824427130512,517,-5110,674,0,517,168.5,238.43727337254413,517,126,-5352,-5110,0,-1784.0,2882.940859608466,-5110,-242,1,-1,1,0.1428571428571428,0.6900655593423541,0,1,4,-10,-2,-4,1,-0.4,2.1908902300206643,1,-4,3,1,1,1.0,0.0,1,1,-5,-4,-1,-2.5,2.1213203435596424,-4,-1,-4718,-5190,537,-943.6,2390.874588931841,537,-5190,734,51,537,244.66666666666669,257.585584482776,537,146,-5452,-5190,-262,-2726.0,3484.622217687306,-5190,-262,-4678,-5110,517,-935.6,2349.3644459725697,517,-5110,674,31,517,224.66666666666669,257.585584482776,517,126,-5352,-5110,-242,-2676.0,3442.1958108161134,-5110,-242,0,0,0,0.0,0.0,0,0,0,-6,-2,-4,1,-0.2857142857142857,1.7994708216848745,1,-4,3,0,1,0.75,0.5,1,1,-5,-4,0,-1.6666666666666663,2.0816659994661326,-4,-1,0,0,0,0.0,0.0,0,0,0,0,0,0.0,0.0,0,0,0,0,0,0.0,0.0,0,0,-4678,-5110,517,-668.2857142857143,1971.824427130512,517,-5110,674,0,517,168.5,238.43727337254413,517,126,-5352,-5110,0,-1784.0,2882.940859608466,-5110,-242,0,0,0,0.0,0.0,0,0,4,-10,28,-24,0,0,517,-1420,7.930914999999914,0.0186540000004242,0.0196180000002641,7.930914999999914,7.100000038917642e-05,4.7346809999999095,0.3965457499999957,1.1405853881901469,0.0186540000004242,0.0009639999998398,7.458863999999266,0.0009639999998398,4.7346809999999095,0.8287626666665852,1.6429434598617472,0.0009639999998398,2.2950019999998403,0.472051000000647,7.100000038917642e-05,0.2530440000000453,0.0429137272727861,0.0816976002891795,0.0186540000004242,0.0009000000000014,Benign
7653.880006,10.0.2.15,58665,54.192.47.124,443,tcp,ShADadFf,SF,APSF,21,10,11,1.1,5.356746765249538,6.321995464852607,1,-1,6878,40,1460,327.5238095238095,518.5750301593414,48,44,1082,40,557,108.2,162.50729898137567,48,40,5796,40,1460,526.9090909090909,649.7995774922379,44,40,6458,20,1440,307.5238095238095,518.5750301593414,28,24,882,20,537,88.19999999999999,162.50729898137567,28,20,5576,20,1440,506.9090909090909,649.7995774922379,24,20,6026,0,1420,286.95238095238096,518.9034087564348,0,0,674,0,517,67.39999999999999,162.85590085853335,0,0,5352,0,1420,486.5454545454545,650.0978947260734,0,0,1,-1,6026,31,1420,753.25,606.5482550583141,517,1420,674,31,517,224.66666666666669,257.585584482776,517,126,5352,242,1420,1070.4,524.7578489170029,1420,1420,4,6,-1,-3,3,-0.0909090909090908,2.165850662190053,1,-1,10,1,3,1.6666666666666667,0.816496580927726,1,2,-11,-3,-1,-2.2,0.8366600265340756,-1,-3,-4694,-2900,557,-426.7272727272727,1103.377187629787,28,-24,882,20,557,147.0,208.8137926478996,28,557,-5576,-2900,-24,-1115.2,1379.442351096993,-24,-2900,-4678,-2840,517,-425.27272727272737,1075.7213478321505,0,0,674,0,517,112.33333333333334,204.163333306122,0,517,-5352,-2840,0,-1070.4,1373.7069556495665,0,-2840,0,0,0,0.0,0.0,0,0,0,-2,-1,-6,3,-0.1428571428571429,3.532165125838609,3,-6,10,2,3,2.5,0.5773502691896257,3,3,-11,-6,-2,-3.6666666666666665,2.0816659994661326,-6,-2,0,0,0,0.0,0.0,0,0,0,0,0,0.0,0.0,0,0,0,0,0,0.0,0.0,0,0,-4678,-5110,517,-668.2857142857143,1971.824427130512,517,-5110,674,0,517,168.5,238.43727337254413,517,126,-5352,-5110,0,-1784.0,2882.940859608466,-5110,-242,1,-1,1,0.1428571428571428,0.6900655593423541,0,1,4,-10,-2,-4,1,-0.4,2.1908902300206643,1,-4,3,1,1,1.0,0.0,1,1,-5,-4,-1,-2.5,2.1213203435596424,-4,-1,-4718,-5190,537,-943.6,2390.874588931841,537,-5190,734,51,537,244.66666666666669,257.585584482776,537,146,-5452,-5190,-262,-2726.0,3484.622217687306,-5190,-262,-4678,-5110,517,-935.6,2349.3644459725697,517,-5110,674,31,517,224.66666666666669,257.585584482776,517,126,-5352,-5110,-242,-2676.0,3442.1958108161134,-5110,-242,0,0,0,0.0,0.0,0,0,0,-6,-2,-4,1,-0.2857142857142857,1.7994708216848745,1,-4,3,0,1,0.75,0.5,1,1,-5,-4,0,-1.6666666666666663,2.0816659994661326,-4,-1,0,0,0,0.0,0.0,0,0,0,0,0,0.0,0.0,0,0,0,0,0,0.0,0.0,0,0,-4678,-5110,517,-668.2857142857143,1971.824427130512,517,-5110,674,0,517,168.5,238.43727337254413,517,126,-5352,-5110,0,-1784.0,2882.940859608466,-5110,-242,0,0,0,0.0,0.0,0,0,4,-10,28,-24,0,0,517,-1420,7.3157189999992625,0.0632919999998193,0.0679019999997763,7.3157189999992625,4.400000034365803e-05,6.025305000000117,0.3657859499999631,1.3390817653900942,0.0632919999998193,0.0046099999999569,7.038990999998532,0.000426000000516,6.025305000000117,0.782110111110948,1.975363725368014,0.0046099999999569,0.5693620000001829,0.2767280000007304,4.400000034365803e-05,0.1284780000005412,0.0251570909091573,0.0411390974414211,0.0632919999998193,0.0018639999998413,Benign
7653.876028,10.0.2.15,58664,54.192.47.124,443,tcp,ShADadFf,SF,APSF,22,10,12,1.2,5.393715341959335,6.344671201814059,1,-1,6918,40,1460,314.45454545454544,503.4100598038226,48,44,1082,40,557,108.2,162.50729898137567,48,40,5836,40,1460,486.3333333333333,625.5369087771114,44,40,6478,20,1440,294.45454545454544,503.4100598038226,28,24,882,20,537,88.19999999999999,162.50729898137567,28,20,5596,20,1440,466.33333333333337,625.5369087771114,24,20,6026,0,1420,273.90909090909093,503.7174102979065,0,0,674,0,517,67.39999999999999,162.85590085853335,0,0,5352,0,1420,445.9999999999999,625.7950579426579,0,0,1,-1,6026,31,1420,669.5555555555555,606.6496334605155,517,89,674,31,517,224.66666666666669,257.585584482776,517,126,5352,89,1420,892.0,619.8099708781716,89,1420,4,6,-2,-3,3,-0.1818181818181818,2.272363607268072,1,-1,10,1,3,1.6666666666666667,0.816496580927726,1,2,-12,-3,-1,-2.4,0.8944271909999159,-1,-3,-4714,-3661,557,-428.54545454545456,1194.8175060348224,28,-24,882,20,557,147.0,208.8137926478996,28,557,-5596,-3661,-24,-1119.2,1556.063848304433,-24,-1569,-4678,-3601,517,-425.27272727272737,1166.085167636489,0,0,674,0,517,112.33333333333334,204.163333306122,0,517,-5352,-3601,0,-1070.4,1547.0993180788362,0,-1509,0,0,0,0.0,0.0,0,0,0,-2,-2,-4,3,-0.25,3.011881234615431,3,-3,10,2,3,2.5,0.5773502691896257,3,3,-12,-4,-2,-3.0,0.816496580927726,-3,-4,0,0,0,0.0,0.0,0,0,0,0,0,0.0,0.0,0,0,0,0,0,0.0,0.0,0,0,-4678,-5021,517,-584.75,1805.7681982232068,517,-89,674,0,517,168.5,238.43727337254413,517,126,-5352,-5021,0,-1338.0,2457.3664765353988,-89,-5021,1,-1,1,0.125,0.6408699444616557,0,1,4,-6,-3,-5,1,-0.6,2.6076809620810595,1,-5,3,1,1,1.0,0.0,1,1,-6,-5,-1,-3.0,2.8284271247461903,-5,-1,-4738,-5210,537,-947.6,2399.755258354485,537,-5210,734,51,537,244.66666666666669,257.585584482776,537,146,-5472,-5210,-262,-2736.0,3498.764353311037,-5210,-262,-4678,-5110,517,-935.6,2349.3644459725697,517,-5110,674,31,517,224.66666666666669,257.585584482776,517,126,-5352,-5110,-242,-2676.0,3442.1958108161134,-5110,-242,0,0,0,0.0,0.0,0,0,0,-6,-3,-4,1,-0.375,1.685018016012207,1,-1,3,0,1,0.75,0.5,1,1,-6,-4,0,-1.5,1.7320508075688772,-1,-4,0,0,0,0.0,0.0,0,0,0,0,0,0.0,0.0,0,0,0,0,0,0.0,0.0,0,0,-4678,-5021,517,-584.75,1805.7681982232068,517,-89,674,0,517,168.5,238.43727337254413,517,126,-5352,-5021,0,-1338.0,2457.3664765353988,-89,-5021,0,0,0,0.0,0.0,0,0,4,-6,28,-24,0,0,517,-89,7.32010100000025,0.0672700000004624,0.0727900000001682,7.32010100000025,4.399999943416333e-05,6.035350000000108,0.34857623809525,1.3101769496481956,0.0672700000004624,0.0055199999997057,7.091835999999603,0.0007599999999001,6.035350000000108,0.7879817777777336,1.9774560309664164,0.0055199999997057,0.5813669999997728,0.2282650000006469,4.399999943416333e-05,0.0672700000004624,0.0190220833333872,0.0263673468221488,0.0672700000004624,0.001273000000765,Benign
7662.096315,10.0.2.15,58679,54.192.47.124,443,tcp,ShADadFf,SF,APSF,21,10,11,1.1,5.356746765249538,6.321995464852607,1,-1,6878,40,1460,327.5238095238095,518.5750301593414,48,44,1082,40,557,108.2,162.50729898137567,48,40,5796,40,1460,526.9090909090909,649.7995774922379,44,40,6458,20,1440,307.5238095238095,518.5750301593414,28,24,882,20,537,88.19999999999999,162.50729898137567,28,20,5576,20,1440,506.9090909090909,649.7995774922379,24,20,6026,0,1420,286.95238095238096,518.9034087564348,0,0,674,0,517,67.39999999999999,162.85590085853335,0,0,5352,0,1420,486.5454545454545,650.0978947260734,0,0,1,-1,6026,31,1420,753.25,606.5482550583141,517,1420,674,31,517,224.66666666666669,257.585584482776,517,126,5352,242,1420,1070.4,524.7578489170029,1420,1420,4,6,-1,-3,3,-0.0909090909090908,2.165850662190053,1,-1,10,1,3,1.6666666666666667,0.816496580927726,1,2,-11,-3,-1,-2.2,0.8366600265340756,-1,-3,-4694,-2900,557,-426.7272727272727,1103.377187629787,28,-24,882,20,557,147.0,208.8137926478996,28,557,-5576,-2900,-24,-1115.2,1379.442351096993,-24,-2900,-4678,-2840,517,-425.27272727272737,1075.7213478321505,0,0,674,0,517,112.33333333333334,204.163333306122,0,517,-5352,-2840,0,-1070.4,1373.7069556495665,0,-2840,0,0,0,0.0,0.0,0,0,0,-2,-1,-6,3,-0.1428571428571429,3.532165125838609,3,-6,10,2,3,2.5,0.5773502691896257,3,3,-11,-6,-2,-3.6666666666666665,2.0816659994661326,-6,-2,0,0,0,0.0,0.0,0,0,0,0,0,0.0,0.0,0,0,0,0,0,0.0,0.0,0,0,-4678,-5110,517,-668.2857142857143,1971.824427130512,517,-5110,674,0,517,168.5,238.43727337254413,517,126,-5352,-5110,0,-1784.0,2882.940859608466,-5110,-242,1,-1,1,0.1428571428571428,0.6900655593423541,0,1,4,-10,-2,-4,1,-0.4,2.1908902300206643,1,-4,3,1,1,1.0,0.0,1,1,-5,-4,-1,-2.5,2.1213203435596424,-4,-1,-4718,-5190,537,-943.6,2390.874588931841,537,-5190,734,51,537,244.66666666666669,257.585584482776,537,146,-5452,-5190,-262,-2726.0,3484.622217687306,-5190,-262,-4678,-5110,517,-935.6,2349.3644459725697,517,-5110,674,31,517,224.66666666666669,257.585584482776,517,126,-5352,-5110,-242,-2676.0,3442.1958108161134,-5110,-242,0,0,0,0.0,0.0,0,0,0,-6,-2,-4,1,-0.2857142857142857,1.7994708216848745,1,-4,3,0,1,0.75,0.5,1,1,-5,-4,0,-1.6666666666666663,2.0816659994661326,-4,-1,0,0,0,0.0,0.0,0,0,0,0,0,0.0,0.0,0,0,0,0,0,0.0,0.0,0,0,-4678,-5110,517,-668.2857142857143,1971.824427130512,517,-5110,674,0,517,168.5,238.43727337254413,517,126,-5352,-5110,0,-1784.0,2882.940859608466,-5110,-242,0,0,0,0.0,0.0,0,0,4,-10,28,-24,0,0,517,-1420,7.494208000000071,0.027541000000383,0.0286990000004152,7.494208000000071,8.900000011635711e-05,5.828131999999641,0.3747104000000035,1.2964640523880209,0.027541000000383,0.0011580000000321,6.95965299999898,0.0009009999994304,5.828131999999641,0.7732947777776645,1.9098597666736992,0.0011580000000321,0.7178830000002563,0.5345550000010917,8.900000011635711e-05,0.4214640000000145,0.0485959090910083,0.1246452116275905,0.027541000000383,0.0026029999999082,Benign
7629.01097,10.0.2.15,58621,54.192.47.124,443,tcp,ShADadTTFf,SF,APSF,244,86,158,1.837209302325581,8.06475239823697,8.84614823460753,1,-1,139851,40,1500,573.1598360655738,637.2309979259236,48,44,15428,40,1500,179.39534883720924,384.7441098909238,48,40,124423,40,1460,787.4873417721525,645.9020132084852,44,40,134971,20,1480,553.1598360655738,637.2309979259236,28,24,13708,20,1480,159.39534883720924,384.7441098909238,28,20,121263,20,1440,767.4873417721525,645.9020132084852,24,20,130079,0,1460,533.1106557377051,637.2720540181328,0,0,11980,0,1460,139.30232558139534,384.7772180417388,0,0,118099,0,1420,747.4620253164554,645.9314179058874,0,0,1,-1,130079,1,1460,844.6688311688309,616.5417579398757,191,1420,11980,1,1460,499.1666666666666,599.7598553237546,191,126,118099,31,1420,908.4538461538464,600.3340686462335,1420,1420,4,6,-72,-12,4,-0.5179856115107909,2.0828927695987005,1,-1,86,1,4,1.2285714285714286,0.5690426379538917,1,2,-158,-12,-1,-2.2898550724637685,1.4663023650482017,-1,-2,-107555,-16300,2037,-773.7769784172666,1826.168139325992,28,-24,13708,20,2037,195.8285714285714,452.2798278169208,28,231,-121263,-16300,-20,-1757.4347826086955,2147.254556803537,-24,-1460,-106119,-16060,1977,-763.4460431654671,1790.5513731512003,0,0,11980,0,1977,171.14285714285714,445.7974221716708,0,191,-118099,-16060,0,-1711.5797101449268,2119.7790215422224,0,-1420,0,0,0,0.0,0.0,0,0,0,-2,-72,-12,47,-0.9350649350649356,6.306508046908999,3,-6,86,2,47,7.166666666666667,12.988339759067353,3,3,-158,-12,-1,-2.4307692307692297,1.9118808701220016,-6,-2,0,0,0,0.0,0.0,0,0,0,0,0,0.0,0.0,0,0,0,0,0,0.0,0.0,0,0,-106119,-16060,1977,-1378.168831168831,2208.3435528551204,191,-5110,11980,11,1977,998.3333333333336,588.1790595223584,191,126,-118099,-16060,0,-1816.907692307693,2115.954119326824,-5110,-242,944,-1,42,12.259740259740262,13.78920496677955,0,1,4,-11,-106,-110,11,-4.416666666666666,22.67524347535582,1,-4,24,1,11,2.0,2.860387767736777,1,1,-130,-110,-1,-10.833333333333334,31.257968680971672,-4,-1,-108239,-104256,2017,-4509.958333333335,21309.28764948803,211,-5190,12460,146,2017,1038.3333333333333,563.5682314637257,211,146,-120699,-104256,-51,-10058.25,29697.984860087727,-5190,-262,-106119,-102056,1977,-4421.625000000002,20858.19511515693,191,-5110,11980,11,1977,998.3333333333336,588.1790595223584,191,126,-118099,-102056,-31,-9841.583333333332,29073.028298527308,-5110,-242,0,0,0,0.0,0.0,0,0,0,-6,-106,-12,11,-1.3766233766233762,2.2828823023293263,1,-4,24,1,11,2.0,2.860387767736777,1,1,-130,-12,0,-2.0,1.4999999999999998,-4,-1,0,0,0,0.0,0.0,0,0,0,0,0,0.0,0.0,0,0,0,0,0,0.0,0.0,0,0,-106119,-16060,1977,-1378.168831168831,2208.3435528551204,191,-5110,11980,11,1977,998.3333333333336,588.1790595223584,191,126,-118099,-16060,0,-1816.907692307693,2115.954119326824,-5110,-242,11,0,11,0.1447368421052631,1.2617865362880898,0,0,4,-11,28,-24,0,0,191,-1420,166.75405899999987,0.3277959999995801,0.3303049999994982,166.75405899999987,0.0,10.077715000000351,0.6862306954732501,2.333589531318212,0.3277959999995801,0.0025089999999181,149.8317369999986,0.0,10.077715000000351,1.762726317647043,3.56399413684462,0.0025089999999181,0.8308990000004997,16.92232200000126,0.0,9.599200000000565,0.1071033037974763,0.7956062552190245,0.3277959999995801,0.0024629999998069,Benign
